{
	"skin-name": "5mstil",
	"preview-bg": "#ffffff",
	"text": "#333333",
	"text-inverse": "#ffffff",
	"text-disabled": "#aaaaaa",
	"has-gradients": true,
	"has-radius": false,
	"has-boxshadow": true,
	"btn-text": "#333333",
	"btn-text-shadow": "#ffffff",
	"btn-bg": "#f5f5f5",
	"btn-bg-hlight": "#c7c7c7",
	"btn-border-top": "rgba(0,0,0,0.1)",
	"btn-border-right": "rgba(0,0,0,0.1)",
	"btn-border-bottom": "rgba(0,0,0,0.25)",
	"btn-border-left": "rgba(0,0,0,0.25)",
	"btn-split-border": "#bdbdbd",
	"btn-primary-text": "#ffffff",
	"btn-primary-text-shadow": "#333333",
	"btn-primary-bg": "#0088cc",
	"btn-primary-bg-hlight": "#0044cc",
	"menu-bg": "#f5f5f5",
	"menu-border": "rgba(0,0,0,0.2)",
	"menuitem-text": "#333333",
	"menuitem-bg-selected": "#0088cc",
	"menuitem-bg-selected-hlight": "#0077b3",
	"menuitem-separator-top": "#cbcbcb",
	"menuitem-separator-bottom": "#ffffff",
	"menuitem-text-inverse": "#ffffff",
	"menuitem-bg-active": "#c8def4",
	"menuitem-text-active": "#333333",
	"menuitem-preview-border-active": "#aaaaaa",
	"checkbox-border": "#c5c5c5",
	"checkbox-border-focus": "#59a5e1",
	"panel-border": "#9e9e9e",
	"panel-bg": "#fdfdfd",
	"panel-bg-hlight": "#dddddd",
	"textbox-bg": "#ffffff",
	"textbox-border": "#9c9c9c",
	"textbox-border-focus": "#2381cc",
	"window-bg": "#f5f5f5",
	"window-border": "#a6a4a4",
	"tab-bg": "#e3e3e3",
	"tab-bg-hover": "#fdfdfd",
	"tab-bg-active": "#fdfdfd",
	"tab-border": "#c5c5c5",
	"colorbtn-backcolor-bg": "#e3e4e6",
	"grid-border": "#b5b5b5",
	"grid-border-active": "#125594"
}